comparison,n,method_a,method_b,method_a_mean_lead_ms,method_b_mean_lead_ms,mean_difference_ms,paired_t_stat,paired_t_p,wilcoxon_w,wilcoxon_p
BF_vs_E2E,648,BF,E2E,441.0987654320988,408.5740740740741,32.52469135802469,5.878990815901605,6.614166625497598e-09,73288.0,3.3952876763698755e-11
BF_vs_GR,515,BF,GR,451.50873786407766,414.56116504854367,36.94757281553398,7.22250287688261,1.8507778626210534e-12,10332.0,6.909936015894738e-59
