Method,accuracy_mean,accuracy_std,macro_f1_mean,macro_f1_std,weighted_f1_mean,weighted_f1_std,n_subjects
BF,0.9056197287006551,0.01913322292159952,0.7066456669854401,0.10851692715659236,0.8958990480650293,0.02809900887260384,5
E2E,0.8985071732321398,0.017677004960602684,0.7609181681055797,0.05529505469373132,0.8919727442562548,0.022602880488533615,5
GR,0.8760767524285257,0.018643814622212526,0.5746299389236327,0.09809170751407463,0.8629421641003565,0.027946120157567925,5
