accuracy,macro_f1,weighted_f1,num_rows,num_trials,variant
0.8408648446274803,0.4531676441416699,0.8080570212417183,53420.0,89.0,sub3_yolov8ex_conf04
0.90524148259079,0.7377302385914418,0.9021051664559327,53420.0,89.0,sub3_yolov8lFT_conf04
0.911100711344066,0.7668482761359487,0.9086671399640812,53420.0,89.0,sub3_yolov8lFT_conf06
