variant,Chair_non_null,Couch_non_null,Table_non_null,Backpack_non_null
sub3_yolov8ex_conf04,0.2394627038846866,0.3564495615503045,0.2135238860253921,0.2110025213646607
sub3_yolov8lFT_conf04,0.4290673837811625,0.5411532611810347,0.3481385147794652,0.4228183481385147
sub3_yolov8lFT_conf06,0.3910347114746849,0.517643157196551,0.3150121600707495,0.3666924607561353
